{
    "False TT": {
        "fpr 10%": 0.09999423963133641,
        "tpr 10%": 0.6745306676749049,
        "trs 10%": 0.5716364979743958,
        "fpr 5%": 0.0499942396313364,
        "tpr 5%": 0.5173149484178119,
        "trs 5%": 0.7134201526641846,
        "fpr 1%": 0.009994239631336405,
        "tpr 1%": 0.24722798787027678,
        "trs 1%": 0.8866394758224487,
        "fpr 0.1%": 0.0009965437788018432,
        "tpr 0.1%": 0.0674233597481462,
        "trs 0.1%": 0.9707129597663879
    },
    "True TT": {
        "fpr 10%": 0.09999703165247907,
        "tpr 10%": 0.8131389902699867,
        "trs 10%": 0.6119304299354553,
        "fpr 5%": 0.049996866744283455,
        "tpr 5%": 0.6768262100787815,
        "trs 5%": 0.796029806137085,
        "fpr 1%": 0.009996734817726971,
        "tpr 1%": 0.35761850014274804,
        "trs 1%": 0.9340529441833496,
        "fpr 0.1%": 0.000999343665381482,
        "tpr 0.1%": 0.1032955501199855,
        "trs 0.1%": 0.9792388081550598
    },
    "ZJ": {
        "fpr 10%": 0.09999562753827833,
        "tpr 10%": 0.8367764368991614,
        "trs 10%": 0.3402561843395233,
        "fpr 5%": 0.049997813769139164,
        "tpr 5%": 0.7456875980091362,
        "trs 5%": 0.5174013376235962,
        "fpr 1%": 0.009997505124782341,
        "tpr 1%": 0.5556010090679757,
        "trs 1%": 0.83376145362854,
        "fpr 0.1%": 0.000997950087063429,
        "tpr 0.1%": 0.30544760346355765,
        "trs 0.1%": 0.9840314984321594
    },
    "True top vs False top": {
        "fpr10%": 0.09999691355643177,
        "tpr10%": 0.7891881881804643,
        "trs10%": 0.6782764196395874,
        "fpr5%": 0.04999652775098573,
        "tpr5%": 0.6498352610745454,
        "trs5%": 0.8277362585067749,
        "fpr1%": 0.00999621910662891,
        "tpr1%": 0.3358204924420713,
        "trs1%": 0.9405375123023987,
        "fpr0.1%": 0.0009992361052168612,
        "tpr0.1%": 0.09642821318065725,
        "trs0.1%": 0.9811272025108337
    },
    "True top vs QCD": {
        "fpr10%": 0.09999772732437899,
        "tpr10%": 0.9906866565328436,
        "trs10%": 0.19043536484241486,
        "fpr5%": 0.04997613690597941,
        "tpr5%": 0.9729704704511609,
        "trs5%": 0.5236214399337769,
        "fpr1%": 0.009999772732437899,
        "tpr1%": 0.8622520235495644,
        "trs1%": 0.9527022838592529,
        "fpr0.1%": 0.00099997727324379,
        "tpr0.1%": 0.5433220935346723,
        "trs0.1%": 0.9980961680412292
    }
}