{
    "False TT": {
        "fpr 10%": 0.0999888999889,
        "tpr 10%": 0.5854175714687173,
        "trs 10%": 0.5162246227264404,
        "fpr 5%": 0.04999444999445,
        "tpr 5%": 0.43466903405462026,
        "trs 5%": 0.6371002197265625,
        "fpr 1%": 0.00999000999000999,
        "tpr 1%": 0.17867179316863807,
        "trs 1%": 0.8518175482749939,
        "fpr 0.1%": 0.000999000999000999,
        "tpr 0.1%": 0.04252356743223565,
        "trs 0.1%": 0.9437627792358398
    },
    "True TT": {
        "fpr 10%": 0.09997268019195135,
        "tpr 10%": 0.6664920930945507,
        "trs 10%": 0.7069999575614929,
        "fpr 5%": 0.04999524872903502,
        "tpr 5%": 0.4789617556140306,
        "trs 5%": 0.8011206388473511,
        "fpr 1%": 0.009995486292583266,
        "tpr 1%": 0.19831132003167873,
        "trs 1%": 0.8925945162773132,
        "fpr 0.1%": 0.000997766902646458,
        "tpr 0.1%": 0.048437779424162684,
        "trs 0.1%": 0.9437039494514465
    },
    "ZJ": {
        "fpr 10%": 0.09993698319835816,
        "tpr 10%": 0.6842595730260929,
        "trs 10%": 0.4237190783023834,
        "fpr 5%": 0.04997062054518049,
        "tpr 5%": 0.5406641816333446,
        "trs 5%": 0.5505040287971497,
        "fpr 1%": 0.00998049885462705,
        "tpr 1%": 0.3404778041341918,
        "trs 1%": 0.7621108293533325,
        "fpr 0.1%": 0.000992088836658747,
        "tpr 0.1%": 0.20128769908505592,
        "trs 0.1%": 0.9422861337661743
    },
    "True top vs False top": {
        "fpr10%": 0.09999872263239915,
        "tpr10%": 0.648545078302634,
        "trs10%": 0.7370293140411377,
        "fpr5%": 0.049996167897197456,
        "tpr5%": 0.46330122882763203,
        "trs5%": 0.8179053068161011,
        "fpr1%": 0.009995401476636946,
        "tpr1%": 0.1915412717471834,
        "trs1%": 0.8997184038162231,
        "fpr0.1%": 0.0009963467286615742,
        "tpr0.1%": 0.04629180185473775,
        "trs0.1%": 0.9483823776245117
    },
    "True top vs QCD": {
        "fpr10%": 0.09988139613690275,
        "tpr10%": 0.9712720026569246,
        "trs10%": 0.5100367069244385,
        "fpr5%": 0.049983056590986105,
        "tpr5%": 0.9344454947244718,
        "trs5%": 0.7311983704566956,
        "fpr1%": 0.009911894273127754,
        "tpr1%": 0.7844953120609048,
        "trs1%": 0.949266791343689,
        "fpr0.1%": 0.0009318874957641478,
        "tpr0.1%": 0.45245637789643106,
        "trs0.1%": 0.9929128289222717
    }
}