{
    "False TT": {
        "fpr 10%": 0.0999884792626728,
        "tpr 10%": 0.6391175857838409,
        "trs 10%": 0.5986197590827942,
        "fpr 5%": 0.0499942396313364,
        "tpr 5%": 0.4891897314022485,
        "trs 5%": 0.7179678082466125,
        "fpr 1%": 0.009994239631336405,
        "tpr 1%": 0.235530366746657,
        "trs 1%": 0.8748674392700195,
        "fpr 0.1%": 0.0009965437788018432,
        "tpr 0.1%": 0.0640938587489101,
        "trs 0.1%": 0.9592055082321167
    },
    "True TT": {
        "fpr 10%": 0.09998713716074262,
        "tpr 10%": 0.7965493560907105,
        "trs 10%": 0.5485519766807556,
        "fpr 5%": 0.049996866744283455,
        "tpr 5%": 0.6490713662914066,
        "trs 5%": 0.7289531230926514,
        "fpr 1%": 0.009996734817726971,
        "tpr 1%": 0.3475412618924529,
        "trs 1%": 0.8945928812026978,
        "fpr 0.1%": 0.000999343665381482,
        "tpr 0.1%": 0.11191444378428846,
        "trs 0.1%": 0.9679973721504211
    },
    "ZJ": {
        "fpr 10%": 0.09996476310259596,
        "tpr 10%": 0.82848117088248,
        "trs 10%": 0.38157540559768677,
        "fpr 5%": 0.04999266969652544,
        "tpr 5%": 0.73616508715711,
        "trs 5%": 0.5566262006759644,
        "fpr 1%": 0.009997505124782341,
        "tpr 1%": 0.5523965364423535,
        "trs 1%": 0.852583646774292,
        "fpr 0.1%": 0.000997950087063429,
        "tpr 0.1%": 0.3291743369468876,
        "trs 0.1%": 0.9790584444999695
    },
    "True TT vs False TT": {
        "fpr10%": 0.09996990717520969,
        "tpr10%": 0.768655622342765,
        "trs10%": 0.6126335859298706,
        "fpr5%": 0.04999652775098573,
        "tpr5%": 0.6172115525582759,
        "trs5%": 0.7661624550819397,
        "fpr1%": 0.00999621910662891,
        "tpr1%": 0.3264531362124708,
        "trs1%": 0.9077239036560059,
        "fpr0.1%": 0.0009992361052168612,
        "tpr0.1%": 0.10216128210865824,
        "trs0.1%": 0.9722704291343689
    },
    "True TT vs ZJets": {
        "fpr10%": 0.09997500056816891,
        "tpr10%": 0.9899150456407843,
        "trs10%": 0.20259279012680054,
        "fpr5%": 0.049998863662189495,
        "tpr5%": 0.9710568754388537,
        "trs5%": 0.5475340485572815,
        "fpr1%": 0.009999772732437899,
        "tpr1%": 0.8568970439586725,
        "trs1%": 0.936263918876648,
        "fpr0.1%": 0.00099997727324379,
        "tpr0.1%": 0.5242401561740445,
        "trs0.1%": 0.9955756664276123
    }
}